,docno,recipe_name,ingredients,recipe,rate,views,keywords,description,calories,fatContent,proteinContent,url,rank,filtering
0,2569,Squash Pie,"1   cup   cooked mashed squash (any yellow or orange),1   cup    evaporated milk,3      beaten eggs,1/4  cup    rum,1   cup    sugar,1/2  teaspoon    cinnamon,1/2  teaspoon    nutmeg,1/2  teaspoon    ginger,1/2  teaspoon    salt","line a 9"" pie pan with pie crust.,mix all of the listed ingredients, and beat well.,pour into pie crust.,bake at 450 for 10 minutes.,reduce heat to 300 and bake until pie is done.,(stick a knife down in the middle of the pie, if it pulls out clean, it's done).,this will take roughly another 45 minutes.",5.0,10,dessert vegetable healthy winter thanksgiving weeknight oven hours,make and share this squash pie recipe from food.com.,185.8,4.2,4.7,food.com,0,"1 cup cooked mashed squash ( any yellow or orange ) ,1 cup evaporated milk,3 beaten eggs,1/4 cup rum,1 cup sugar,1/2 teaspoon cinnamon,1/2 teaspoon nutmeg,1/2 teaspoon ginger,1/2 teaspoon salt make and share this squash pie recipe from food.com . dessert vegetable healthy winter thanksgiving weeknight oven hour line a 9 '' pie pan with pie crust. , mix all of the listed ingredient , and beat well. , pour into pie crust. , bake at 450 for 10 minutes. , reduce heat to 300 and bake until pie is done. , ( stick a knife down in the middle of the pie , if it pull out clean , it 's done ) . , this will take roughly another 45 minute ."
2,6598,Easy 3-Step Holiday Cherry Pie,"2       ready-made pie crusts,2   cans    cherry pie filling,1       egg, beaten ,1   teaspoon    water","place one ready-made pie crust in a pie pan.,pour in pie filling.,using remaining pie crust, cut holly-leaf shapes (or any shape you prefer) and decorate pie edge.,mix together beaten egg with water, brush on decorations.,bake at 425-degrees for 40 minutes or until crust is golden brown.",5.0,3,dessert fruit low protein low cholesterol healthy christmas mins oven easy,make and share this easy 3-step holiday cherry pie recipe from food.com.,273.8,8.8,2.2,food.com,2,"2 ready-made pie crusts,2 can cherry pie filling,1 egg , beaten ,1 teaspoon water make and share this easy 3-step holiday cherry pie recipe from food.com . dessert fruit low protein low cholesterol healthy christmas min oven easy place one ready-made pie crust in a pie pan. , pour in pie filling. , using remaining pie crust , cut holly-leaf shape ( or any shape you prefer ) and decorate pie edge. , mix together beaten egg with water , brush on decorations. , bake at 425-degrees for 40 minute or until crust is golden brown ."
3,22677,Rhubarb Crisp Pie,"3 1/2  cups   diced rhubarb,1   cup    sugar,1   tablespoon    flour,4   tablespoons    butter,3/4  cup    brown sugar,1   cup   crushed corn flakes,3/4  cup    flour,1       ready-made pie crust","put pie crust in an 8&quot; pie pan.,in a large bowl mix the filling ingredients very well.,put filling in pie pan.,in the same bowl (for flavor)melt butter.,add brown sugar, corn flakes and flour mix well and spread on top of pie,bake 350&deg;f for 40 minutes; turn of the oven and let the pie sit for another 30 minutes.",5.0,2,dessert low protein healthy summer mins easy,make and share this rhubarb crisp pie recipe from food.com.,376.6,11.2,2.8,food.com,3,"3 1/2 cup diced rhubarb,1 cup sugar,1 tablespoon flour,4 tablespoon butter,3/4 cup brown sugar,1 cup crushed corn flakes,3/4 cup flour,1 ready-made pie crust make and share this rhubarb crisp pie recipe from food.com . dessert low protein healthy summer min easy put pie crust in an 8 & quot ; pie pan. , in a large bowl mix the filling ingredient very well. , put filling in pie pan. , in the same bowl ( for flavor ) melt butter. , add brown sugar , corn flake and flour mix well and spread on top of pie , bake 350 & deg ; f for 40 minute ; turn of the oven and let the pie sit for another 30 minute ."
4,26344,Amish Bob &amp; Andy Pie,"1   cup    granulated sugar,1   cup    brown sugar, packed ,2   tablespoons    all-purpose flour,1/2  teaspoon    ground cinnamon,1/4  teaspoon    ground cloves,1/4  teaspoon    salt,3       eggs, beaten ,2   cups    milk,1   tablespoon    butter, melted ,1   teaspoon    vanilla extract","preheat oven to 350.,beat all ingredients together very well and pour into a 9-inch unbaked pie shell.,bake for 45 minutes. the pie will quiver. the top will be puffed up when you.,remove the pie from the oven and will fall down after it has cooled. ,the pie is best.,served at room temperature.",5.0,1,dessert healthy mins,make and share this amish bob &amp; andy pie recipe from food.com.,288.7,5.6,4.6,food.com,4,"1 cup granulated sugar,1 cup brown sugar , packed ,2 tablespoon all-purpose flour,1/2 teaspoon ground cinnamon,1/4 teaspoon ground cloves,1/4 teaspoon salt,3 egg , beaten ,2 cup milk,1 tablespoon butter , melted ,1 teaspoon vanilla extract make and share this amish bob & amp ; andy pie recipe from food.com . dessert healthy min preheat oven to 350. , beat all ingredient together very well and pour into a 9-inch unbaked pie shell . , bake for 45 minute . the pie will quiver . the top will be puffed up when you . , remove the pie from the oven and will fall down after it ha cooled . , the pie is best . , served at room temperature ."
5,23628,Carrot Pie,"1      unbaked prepared pie pastry (to fit a 9-inch pie plate),6   medium    carrots, cooked and pureed ,2       eggs, beaten ,2   cups    milk,1   cup   packed brown sugar,1/2  teaspoon    salt (or to taste),1/2  teaspoon    ginger,1/2  teaspoon    allspice,2   teaspoons    cinnamon","set oven to 400 degrees f.,fit pie crust into the bottom of a 9-inch pie plate.,in a bowl, combine all ingredients (except the pie shell); beat with a wooden spoon for 2 minutes, or until thoroughly mixed.,pour into the prepared pie shell.,bake at 400 degrees f for 15 minutes; reduce temperature to 350 degrees and bake for 45 minutes.",5.0,1,healthy hours,make and share this carrot pie recipe from food.com.,394.4,14.8,7.2,food.com,5,"1 unbaked prepared pie pastry ( to fit a 9-inch pie plate ) ,6 medium carrot , cooked and pureed ,2 egg , beaten ,2 cup milk,1 cup packed brown sugar,1/2 teaspoon salt ( or to taste ) ,1/2 teaspoon ginger,1/2 teaspoon allspice,2 teaspoon cinnamon make and share this carrot pie recipe from food.com . healthy hour set oven to 400 degree f. , fit pie crust into the bottom of a 9-inch pie plate. , in a bowl , combine all ingredient ( except the pie shell ) ; beat with a wooden spoon for 2 minute , or until thoroughly mixed. , pour into the prepared pie shell. , bake at 400 degree f for 15 minute ; reduce temperature to 350 degree and bake for 45 minute ."
8,34379,Apple Cranberry Raspberry Pie,"1 1/2  cups    sugar,3   tablespoons    quick-cooking tapioca,1/2  teaspoon    cinnamon,1/4  teaspoon    salt,1/4  teaspoon    almond extract,2   cups    granny smith apples, peeled, cored and chopped ,2   cups    cranberries, coarsely chopped ,1 (10   ounce) package   frozen raspberries, thawed ,1 (9   inch)    double crust pie crusts","preheat oven to 375 degrees.,roll out bottom crust and place in a pie plate.,in a small bowl mix together first 5 ingredients.,place the fruit in a large mixing bowl.  add the dry ingredients and stir well.,dump the fruit mixture into the pie crust.  trim excess crust to edge of pie plate.  roll remaining cust, and place on top of pie.  trim top crust aproximately 2&quot; larger around than the top edge of the pie plate.  tuck the edge of top crust between bottom crust and pie plate, leaving folded edge standing about 3/4&quot; above edge of pie plate.  pinch standing edge of pie crust between two fingers with thumb, to form a crimp.,cut slits into top crust in a decorative design.  sprinkle the top of crust with sugar.  bake for 55 to 60 minutes.",0.0,0,dessert fruit low protein healthy hours,make and share this apple cranberry raspberry pie recipe from food.com.,472.3,15.7,3.3,food.com,8,"1 1/2 cup sugar,3 tablespoon quick-cooking tapioca,1/2 teaspoon cinnamon,1/4 teaspoon salt,1/4 teaspoon almond extract,2 cup granny smith apple , peeled , cored and chopped ,2 cup cranberry , coarsely chopped ,1 ( 10 ounce ) package frozen raspberry , thawed ,1 ( 9 inch ) double crust pie crust make and share this apple cranberry raspberry pie recipe from food.com . dessert fruit low protein healthy hour preheat oven to 375 degrees. , roll out bottom crust and place in a pie plate. , in a small bowl mix together first 5 ingredients. , place the fruit in a large mixing bowl . add the dry ingredient and stir well. , dump the fruit mixture into the pie crust . trim excess crust to edge of pie plate . roll remaining cust , and place on top of pie . trim top crust aproximately 2 & quot ; larger around than the top edge of the pie plate . tuck the edge of top crust between bottom crust and pie plate , leaving folded edge standing about 3/4 & quot ; above edge of pie plate . pinch standing edge of pie crust between two finger with thumb , to form a crimp. , cut slit into top crust in a decorative design . sprinkle the top of crust with sugar . bake for 55 to 60 minute ."
9,37462,Impossibly Easy Cherry Almond Pie,"1/2  cup    bisquick (can use lower-fat version),1/4  cup    sugar,3/4  cup    milk,2   tablespoons    butter or 2   tablespoons    margarine, at room temperature ,1/4  teaspoon    almond extract,2       eggs,1 (21   ounce) can   cherry pie filling,  brown sugar, streusel ,1/2  cup    bisquick (can use lower-fat version),1/2  cup   packed brown sugar,1/2  teaspoon    ground cinnamon,2   tablespoons    firm butter or 2   tablespoons    margarine,  slivered almonds, toasted, if desired ","heat oven to 400 degrees. mist a 9- or 10-inch pie plate with nonstick spray and set aside.,stir together first six ingredients until blended. pour into prepared pie plate. spoon pie filling over top. bake 30 minutes.,while pie is baking, make streusel topping by mixing bisquick, brown sugar and cinnamon in a small bowl, and cutting in butter with a pastry blender, a fork or your fingers, until you have crumbs. stir in almonds, if using (recommended). after pie has baked 30 minutes, sprinkle brown sugar streusel over pie filling and return to oven to bake another 10 minutes, or until streusel is golden brown. remove pie from oven and cool.,serve slightly warm, at room temperature or chilled from the refrigerator. it tastes great any way!",0.0,0,cherries fruit low protein healthy hours easy,this is a bit like a clafouti &ndash; a baked french dessert that is halfway between yorkshire pudding and custard. i like this for dessert or breakfast.,314.2,10.2,4,food.com,9,"1/2 cup bisquick ( can use lower-fat version ) ,1/4 cup sugar,3/4 cup milk,2 tablespoon butter or 2 tablespoon margarine , at room temperature ,1/4 teaspoon almond extract,2 eggs,1 ( 21 ounce ) can cherry pie filling , brown sugar , streusel ,1/2 cup bisquick ( can use lower-fat version ) ,1/2 cup packed brown sugar,1/2 teaspoon ground cinnamon,2 tablespoon firm butter or 2 tablespoon margarine , slivered almond , toasted , if desired this is a bit like a clafouti & ndash ; a baked french dessert that is halfway between yorkshire pudding and custard . i like this for dessert or breakfast . cherry fruit low protein healthy hour easy heat oven to 400 degree . mist a 9- or 10-inch pie plate with nonstick spray and set aside. , stir together first six ingredient until blended . pour into prepared pie plate . spoon pie filling over top . bake 30 minutes. , while pie is baking , make streusel topping by mixing bisquick , brown sugar and cinnamon in a small bowl , and cutting in butter with a pastry blender , a fork or your finger , until you have crumb . stir in almond , if using ( recommended ) . after pie ha baked 30 minute , sprinkle brown sugar streusel over pie filling and return to oven to bake another 10 minute , or until streusel is golden brown . remove pie from oven and cool. , serve slightly warm , at room temperature or chilled from the refrigerator . it taste great any way !"
11,33603,Weight Watchers Pumpkin Pie (Makes Own Crust),"1 (16   ounce) can   pumpkin,2   cups    unsweetened applesauce (see note below),1   cup    powdered milk (dry),3   teaspoons    pumpkin pie spice (or to taste),6 -8   g    splenda sugar substitute (6-8 packets),1/4  cup    flour","preheat oven to 350 degrees.,spray a 9 inch pie-pan with non-stick cooking spray.,blend all the above ingredients in a bowl.,pour into greased pie pan and spread out evenly.,bake for 1 hour.,one-quarter of a pie counts as 3 points; one-eighth of a pie counts as 1.5 points.,note:  instead of 2 cups of unsweetened applesauce, you can use a 20 oz. can of crushed pineapple in its own juice.",2.5,6,dessert low cholesterol healthy hours easy,"my ww leader gave us this recipe the other nite.  she claims it is delicious, makes its own crust and, best of all, only 3 points for 1/4 of the pie!  -- chef 289860.",278.4,9,10.6,food.com,11,"1 ( 16 ounce ) can pumpkin,2 cup unsweetened applesauce ( see note below ) ,1 cup powdered milk ( dry ) ,3 teaspoon pumpkin pie spice ( or to taste ) ,6 -8 g splenda sugar substitute ( 6-8 packet ) ,1/4 cup flour my ww leader gave u this recipe the other nite . she claim it is delicious , make it own crust and , best of all , only 3 point for 1/4 of the pie ! -- chef 289860. dessert low cholesterol healthy hour easy preheat oven to 350 degree . , spray a 9 inch pie-pan with non-stick cooking spray . , blend all the above ingredient in a bowl . , pour into greased pie pan and spread out evenly . , bake for 1 hour . , one-quarter of a pie count a 3 point ; one-eighth of a pie count a 1.5 point . , note : instead of 2 cup of unsweetened applesauce , you can use a 20 oz . can of crushed pineapple in it own juice ."
12,18586,Deep Dish Blueberry Pie,"1 1/4  cups   packed light brown sugar,5   tablespoons    quick-cooking tapioca,3 (10   ounce) packages   frozen blueberries (do not thaw),1   tablespoon    lemon juice,1   tablespoon    unsalted butter, cut into small pieces  (i used goat butter),1   large    egg (beaten with 1 tbsp. water for glazing the crust)","special equipment: ,one -9 1/2 inch deep dish pie with a 6 cup capacity.  small decorative cookie cutters (optional).,put a large baking sheet with sides on the middle oven rack and preheat in a 425'f.,whisk together the brown sugar and tapioca and toss with the blueberries and lemon juice in a large bowl. set aside.,i made two separate cream cheese pie crusts for this pie.,once you make one crust, put it into the fridge in a plastic bag right after you make it.,roll out the second pie crust you've made and put it into your deep dish pie plate.  trim the edges leaving a 1/2 inch over hang on the sides.  put this in   the fridge to chill.  this will prevent shrinkage. put it into the fridge to chill.,get the first pie crust that you put into the fridge and roll it out.  now you could cut shapes out of the top of the crust and then lay the crust on top of the pie, but i didn't do this, i just used a full sized top crust. i have one of those black birds that you put in the middle of your pie for a steam vent.,get the chilled crust that is in your pie plate out of the fridge and put all the blueberry filling including the juice into the bottom crust.  dot it with the butter.  ,cover with the top crust and trim it to 1/2 inch over the edge of the pie.  then tuck it under the bottom crust over hang and flute the edges.  ,i like to use the thumb and finger flute method, as it is really pretty.  brush the top of the pie with your egg/water wash.,sprinkle with some sanding sugar if you wish.,bake the pie in your hot oven for 30 minutes.  keep an eye on it, i noticed the edges of my top crust browned before 30 minutes so i put a metal pie-edge ring on my pie to prevent it from getting any browner.  ,after 30 minutes is up turn the heat down to 375'f and continue to bake for another 45-50 minutes.  the crust should be golden and the filling hot and bubbling at this point.,when done, cool on a metal rack, about 4 hours if you can wait that long.  if you don't the pie filling will be runny.,serve up with a dollop of whipped cream or vanilla ice cream.,bon appetit.",0.0,0,dessert berries fruit low protein low cholesterol healthy hours,"i got this recipe from epicurious.com.  i wanted to try making a blueberry pie using frozen blueberries.  this one came out very good.  it wasn't overly sweet which my dh loved.  however, i found it a bit runny.  next time i make it,  i will increase the amount of tapioca by one or two tablespoons to thicken it more. you can also use 6 cups of fresh wild blueberries in this.  i can't find them here in the south west so i opted to use the frozen. 

i served this a al mode.  i used vanilla soy ice cream which was really delicious. the pie crust i used with this is: 
http://www.recipezaar.com/97877  in my opinion, this is one of the best crusts for a berry pie. this recipe is for one crust only so you will have to double it.  when i make this crust i prepare each crust separately and put the first one into the fridge to chill while i make the second.  then i assemble the pie.",289.1,2.2,1.3,food.com,12,"1 1/4 cup packed light brown sugar,5 tablespoon quick-cooking tapioca,3 ( 10 ounce ) package frozen blueberry ( do not thaw ) ,1 tablespoon lemon juice,1 tablespoon unsalted butter , cut into small piece ( i used goat butter ) ,1 large egg ( beaten with 1 tbsp . water for glazing the crust ) i got this recipe from epicurious.com . i wanted to try making a blueberry pie using frozen blueberry . this one came out very good . it wa n't overly sweet which my dh loved . however , i found it a bit runny . next time i make it , i will increase the amount of tapioca by one or two tablespoon to thicken it more . you can also use 6 cup of fresh wild blueberry in this . i ca n't find them here in the south west so i opted to use the frozen . i served this a al mode . i used vanilla soy ice cream which wa really delicious . the pie crust i used with this is : http : //www.recipezaar.com/97877 in my opinion , this is one of the best crust for a berry pie . this recipe is for one crust only so you will have to double it . when i make this crust i prepare each crust separately and put the first one into the fridge to chill while i make the second . then i assemble the pie . dessert berry fruit low protein low cholesterol healthy hour special equipment : , one -9 1/2 inch deep dish pie with a 6 cup capacity . small decorative cookie cutter ( optional ) . , put a large baking sheet with side on the middle oven rack and preheat in a 425'f . , whisk together the brown sugar and tapioca and toss with the blueberry and lemon juice in a large bowl . set aside . , i made two separate cream cheese pie crust for this pie . , once you make one crust , put it into the fridge in a plastic bag right after you make it . , roll out the second pie crust you 've made and put it into your deep dish pie plate . trim the edge leaving a 1/2 inch over hang on the side . put this in the fridge to chill . this will prevent shrinkage . put it into the fridge to chill . , get the first pie crust that you put into the fridge and roll it out . now you could cut shape out of the top of the crust and then lay the crust on top of the pie , but i did n't do this , i just used a full sized top crust . i have one of those black bird that you put in the middle of your pie for a steam vent . , get the chilled crust that is in your pie plate out of the fridge and put all the blueberry filling including the juice into the bottom crust . dot it with the butter . , cover with the top crust and trim it to 1/2 inch over the edge of the pie . then tuck it under the bottom crust over hang and flute the edge . , i like to use the thumb and finger flute method , a it is really pretty . brush the top of the pie with your egg/water wash. , sprinkle with some sanding sugar if you wish . , bake the pie in your hot oven for 30 minute . keep an eye on it , i noticed the edge of my top crust browned before 30 minute so i put a metal pie-edge ring on my pie to prevent it from getting any browner . , after 30 minute is up turn the heat down to 375'f and continue to bake for another 45-50 minute . the crust should be golden and the filling hot and bubbling at this point . , when done , cool on a metal rack , about 4 hour if you can wait that long . if you do n't the pie filling will be runny . , serve up with a dollop of whipped cream or vanilla ice cream . , bon appetit ."
13,45358,Peach Cobbler Pie,"2       frozen 9-inch deep dish pie shells,2 (16   ounce) bags   frozen sliced peaches,1   teaspoon    cinnamon,1   teaspoon    nutmeg,1   teaspoon    clove,1   cup    white sugar,1/4  cup    cornstarch,1   teaspoon    vanilla,3   tablespoons    brown sugar,1/2  teaspoon    cinnamon,1/2  teaspoon    clove,1/2  teaspoon    nutmeg,1   tablespoon    unsalted butter (melted)","preheat oven to 425 degrees.,pierce one pie shell to prevent bubbles in crust. place in oven and bake for 15 minutes. allow second shell to sit and thaw.,while baking empty crust, place sugar, corn starch, cinnamon, nutmeg, clove and vanilla in large saucepan. add peaches and simmer until thick and bubbly and peaches are fork tender.,pour peach mix into hot pie shell. roll second pie shell out to make a top for the pie. place on top of pie, crimp edges shut and pierce 8-10 slits in top of pie shell to vent.,melt butter in a bowl, add brown sugar, cinnamon, nutmeg, and clove, mix well and drizzle over top of pie.,bake at 425 degrees for 30-45 minutes until top crust is golden brown and flakey.",0.0,0,dessert fruit low protein low cholesterol healthy beginner cook hours easy,make and share this peach cobbler pie recipe from food.com.,419.5,12.2,2.2,food.com,13,"2 frozen 9-inch deep dish pie shells,2 ( 16 ounce ) bag frozen sliced peaches,1 teaspoon cinnamon,1 teaspoon nutmeg,1 teaspoon clove,1 cup white sugar,1/4 cup cornstarch,1 teaspoon vanilla,3 tablespoon brown sugar,1/2 teaspoon cinnamon,1/2 teaspoon clove,1/2 teaspoon nutmeg,1 tablespoon unsalted butter ( melted ) make and share this peach cobbler pie recipe from food.com . dessert fruit low protein low cholesterol healthy beginner cook hour easy preheat oven to 425 degrees. , pierce one pie shell to prevent bubble in crust . place in oven and bake for 15 minute . allow second shell to sit and thaw. , while baking empty crust , place sugar , corn starch , cinnamon , nutmeg , clove and vanilla in large saucepan . add peach and simmer until thick and bubbly and peach are fork tender. , pour peach mix into hot pie shell . roll second pie shell out to make a top for the pie . place on top of pie , crimp edge shut and pierce 8-10 slit in top of pie shell to vent. , melt butter in a bowl , add brown sugar , cinnamon , nutmeg , and clove , mix well and drizzle over top of pie. , bake at 425 degree for 30-45 minute until top crust is golden brown and flakey ."
15,4695,Impossible Cherry Pie,"1   cup    milk,2   tablespoons    margarine or 2   tablespoons    butter, softened ,1/4  teaspoon    almond extract,2       eggs,1/2  cup    bisquick baking mix,1/4  cup    sugar,1 (21   ounce) can   cherry pie filling,2   tablespoons    firm margarine or 2   tablespoons    butter,1/2  cup    bisquick baking mix,1/2  cup   packed brown sugar,1/2  teaspoon    ground cinnamon","preheat oven to 400 degrees fahrenheit.,grease a 10-inch pie plate.,beat all ingredients, except pie filling and streusel, until smooth - 15 seconds in blender on high or 1 minute with hand beater.,pour into pie plate.,spoon pie filling evenly over top.,bake for 25 minutes.,meanwhile, make streusel: cut 2 tablespoons firm margarine or butter into 1/2 cup bisquick baking mix, 1/2 cup packed brown sugar and 1/2 teaspoons ground cinnamon until crumbly.,top pie with streusel.,bake about 10 minutes longer until streusel is brown; cool.",5.0,7,dessert cherries fruit low protein healthy mins oven small appliance,"i saw many versions of impossible pie posted, but didn't find the cherry flavor listed. this is my favorite.",420.2,13.9,5.5,food.com,15,"1 cup milk,2 tablespoon margarine or 2 tablespoon butter , softened ,1/4 teaspoon almond extract,2 eggs,1/2 cup bisquick baking mix,1/4 cup sugar,1 ( 21 ounce ) can cherry pie filling,2 tablespoon firm margarine or 2 tablespoon butter,1/2 cup bisquick baking mix,1/2 cup packed brown sugar,1/2 teaspoon ground cinnamon i saw many version of impossible pie posted , but did n't find the cherry flavor listed . this is my favorite . dessert cherry fruit low protein healthy min oven small appliance preheat oven to 400 degree fahrenheit. , grease a 10-inch pie plate. , beat all ingredient , except pie filling and streusel , until smooth - 15 second in blender on high or 1 minute with hand beater. , pour into pie plate. , spoon pie filling evenly over top. , bake for 25 minutes. , meanwhile , make streusel : cut 2 tablespoon firm margarine or butter into 1/2 cup bisquick baking mix , 1/2 cup packed brown sugar and 1/2 teaspoon ground cinnamon until crumbly. , top pie with streusel. , bake about 10 minute longer until streusel is brown ; cool ."
16,37517,Country Apple Pie,"  pie crust, dough for 9-inch double crust pie  (<a href=""https://www.food.com/recipe/traditional-pastry-piecrust-511404"">traditional pastry piecrust</a>),1/2  cup    heavy cream,3/4  cup    sugar,2   tablespoons    unbleached all-purpose flour,1   tablespoon    ground cinnamon,  ground nutmeg, a dash ,8   medium    apples, peeled, cored, and cut into 1/2-inch chunks ,1   tablespoon    salted butter","preheat oven to 425 degrees.,divide the ball of dough in half, setting one half to the side.,on a clean, lightly floured work surface, roll out the dough with a rolling pin until it forms a 10-inch circle.,place in pie plate; set aside while making the filling.,in a small bowl, whisk together  the sugar, flour, cinnamon, and nutmeg.,place the apples in a large bowl and sprinkle them with the sugar mixture, making sure the apples are thoroughly coated.,place the apple mixture in the pie shell, distributing them evenly.,dot the filling with the butter.,roll out the second half of dough with a rolling pin until it forms a 10-inch circle.,place over apple filling; crimp the edges of the pie dough together to seal  in the filling, and then use a fork to puncture the top of the pie 5 or 6 times.,brush the top of the pie and crimped edges with heavy cream to create a perfect, golden brown finish.,to bake, place the pie plate on a baking sheet and bake for 15 minutes.,decrease oven heat to 375 degrees and continue baking for 40 minutes, or until the apples are tender.,insert a cake tester or a knife into the pie to check the firmness of the apples.,if the apples are still firm, continue baking the pie until they soften.,the perfect apple pie will have visible juices bubbling around the crust.,if the top of the crust is getting too brown and the apples are not done yet, cover the pie with foil to allow the apples to bake a big longer without browning the crust too much.,transfer the pie plate to a wire cooling rack and allow the pie to cool and se t for 1 &frac12; hours before serving.,apple pies are best served either at room temperature or warmed at 350 degrees for about 10 minutes.,this pie will keep at room temperature overnight and can be stored in the  refrigerator for up to 4 days.",0.0,0,dessert apple fruit low protein low cholesterol healthy oven hours,make and share this country apple pie recipe from food.com.,239.3,7.3,1,food.com,16,"pie crust , dough for 9-inch double crust pie ( < a href= '' http : //www.food.com/recipe/traditional-pastry-piecrust-511404 '' > traditional pastry piecrust < /a > ) ,1/2 cup heavy cream,3/4 cup sugar,2 tablespoon unbleached all-purpose flour,1 tablespoon ground cinnamon , ground nutmeg , a dash ,8 medium apple , peeled , cored , and cut into 1/2-inch chunk ,1 tablespoon salted butter make and share this country apple pie recipe from food.com . dessert apple fruit low protein low cholesterol healthy oven hour preheat oven to 425 degrees. , divide the ball of dough in half , setting one half to the side. , on a clean , lightly floured work surface , roll out the dough with a rolling pin until it form a 10-inch circle. , place in pie plate ; set aside while making the filling. , in a small bowl , whisk together the sugar , flour , cinnamon , and nutmeg. , place the apple in a large bowl and sprinkle them with the sugar mixture , making sure the apple are thoroughly coated. , place the apple mixture in the pie shell , distributing them evenly. , dot the filling with the butter. , roll out the second half of dough with a rolling pin until it form a 10-inch circle. , place over apple filling ; crimp the edge of the pie dough together to seal in the filling , and then use a fork to puncture the top of the pie 5 or 6 times. , brush the top of the pie and crimped edge with heavy cream to create a perfect , golden brown finish. , to bake , place the pie plate on a baking sheet and bake for 15 minutes. , decrease oven heat to 375 degree and continue baking for 40 minute , or until the apple are tender. , insert a cake tester or a knife into the pie to check the firmness of the apples. , if the apple are still firm , continue baking the pie until they soften. , the perfect apple pie will have visible juice bubbling around the crust. , if the top of the crust is getting too brown and the apple are not done yet , cover the pie with foil to allow the apple to bake a big longer without browning the crust too much. , transfer the pie plate to a wire cooling rack and allow the pie to cool and se t for 1 & frac12 ; hour before serving. , apple pie are best served either at room temperature or warmed at 350 degree for about 10 minutes. , this pie will keep at room temperature overnight and can be stored in the refrigerator for up to 4 day ."
17,21667,Green Tomato Pie,"4   cups    tomatoes,1   cup    brown sugar,5   tablespoons    flour,1/2  teaspoon    cinnamon,1/2  teaspoon    nutmeg,1/2  teaspoon    salt,2   tablespoons    lemon juice","make crust for 9-inch pie. core green tomatoes and cut into thin wedges, as you do for apple pie. mix together dry ingredients.,stir in lemon juice and tomatoes until tomatoes are coated.,fill pie crust and add top crust. flute edge and slit top 4 or 5 times.,bake 30 minutes at 425 degrees.,reduce heat to 350 degrees and bake another 20 minutes.,tastes like mincemeat pie.",5.0,2,vegetable low protein low cholesterol healthy mins oven,make and share this green tomato pie recipe from food.com.,139.7,0.3,1.3,food.com,17,"4 cup tomatoes,1 cup brown sugar,5 tablespoon flour,1/2 teaspoon cinnamon,1/2 teaspoon nutmeg,1/2 teaspoon salt,2 tablespoon lemon juice make and share this green tomato pie recipe from food.com . vegetable low protein low cholesterol healthy min oven make crust for 9-inch pie . core green tomato and cut into thin wedge , a you do for apple pie . mix together dry ingredients. , stir in lemon juice and tomato until tomato are coated. , fill pie crust and add top crust . flute edge and slit top 4 or 5 times. , bake 30 minute at 425 degrees. , reduce heat to 350 degree and bake another 20 minutes. , taste like mincemeat pie ."
21,53764,Bc's Apple Pie,"1       pie crust,3   large    apples,3/4  cup    sugar,2   tablespoons    cornstarch,1 1/2  teaspoons    cinnamon,1/2  teaspoon    ground nutmeg,1/4  teaspoon    ground cloves,1/2  cup    brown sugar,1/2  cup    flour,4   tablespoons   soft butter,1/4  cup    quick oats,1   teaspoon    cinnamon","peel, core and slice apples.,add dry filling ingredients and toss until well coated.,fill pie crust with filling.,in a separate bowl, add all crumb-topping ingredients and cut together with a pastry cutter.,sprinkle topping evenly over pie. the more topping the better!,bake at 375 degrees f, for 60 minutes. if your pie crusts tend to burn, place foil around the edges of the pie crust for the first 40 minutes, then remove foil for the last 20 minutes.",0.0,0,dessert apple fruit low protein healthy kid friendly oven hours,"this easy apple pie has a crumb-topping that is oh so delish. i'm an apple fiend. i love using granny smiths, macintosh, pink ladys (when i can get them), even gala's are good. use your favorite apple.",461.6,15.2,3,food.com,21,"1 pie crust,3 large apples,3/4 cup sugar,2 tablespoon cornstarch,1 1/2 teaspoon cinnamon,1/2 teaspoon ground nutmeg,1/4 teaspoon ground cloves,1/2 cup brown sugar,1/2 cup flour,4 tablespoon soft butter,1/4 cup quick oats,1 teaspoon cinnamon this easy apple pie ha a crumb-topping that is oh so delish . i 'm an apple fiend . i love using granny smith , macintosh , pink lady ( when i can get them ) , even gala 's are good . use your favorite apple . dessert apple fruit low protein healthy kid friendly oven hour peel , core and slice apple . , add dry filling ingredient and toss until well coated . , fill pie crust with filling . , in a separate bowl , add all crumb-topping ingredient and cut together with a pastry cutter . , sprinkle topping evenly over pie . the more topping the better ! , bake at 375 degree f , for 60 minute . if your pie crust tend to burn , place foil around the edge of the pie crust for the first 40 minute , then remove foil for the last 20 minute ."
23,55377,Sugar-Dusted Apple Strudel Pie,"5   cups   peeled peeled cored and thinly sliced granny smith apples,1/4  cup    sugar,2   tablespoons    all-purpose flour,1/4  teaspoon    ground cinnamon,1   tablespoon    fresh lemon juice,1   pinch    salt, prepared pastry for double-crust pie, refrigerated ,  powdered sugar","make the filling at least 4 or up to 12 hours before assembling the pie.,put the apples in a large mixing bowl.,in a small bowl, combine the sugar, flour, and cinnamon; stir this mixture into the apples.,stir in the lemon juice and salt; toss well.,cover the bowl with saran wrap and refrigerate, stirring every hour or so, when you think of it.,remove the filling from the refrigerator about 1 hour before you plan to use it.,turn the filling into the chilled 9-inch pie shell and smooth the top with your hands.,dampen the edge of the pie shell with a wet fingertip or pastry brush.,invert the top pastry over the filling, center, and peel off the paper.,press the top and bottom pastries together along the dampened edge.,trim the pastry and crimp/flute as desired.,poke several steam vents in the top of the pie with a fork or paring knife.,put a couple of the vents near the edge of the crust so you can check the juices there later.,place the pie on the center rack in the oven; bake at 400&deg; for 25 minutes.,lower the temperature to 375&deg; and rotate the pie 180&deg;.,continue to bake about 25-30 minutes or until the top of the pie is golden and the juices visible at the steam vents bubble thickly.,transfer pie to a wire rack.,while the pie is hot, dust with powdered sugar.,let cool at least 1 hour before serving.",0.0,0,apple fruit low protein low cholesterol healthy oven hours,make and share this sugar-dusted apple strudel pie recipe from food.com.,96.4,0.2,0.5,food.com,23,"5 cup peeled peeled cored and thinly sliced granny smith apples,1/4 cup sugar,2 tablespoon all-purpose flour,1/4 teaspoon ground cinnamon,1 tablespoon fresh lemon juice,1 pinch salt , prepared pastry for double-crust pie , refrigerated , powdered sugar make and share this sugar-dusted apple strudel pie recipe from food.com . apple fruit low protein low cholesterol healthy oven hour make the filling at least 4 or up to 12 hour before assembling the pie. , put the apple in a large mixing bowl. , in a small bowl , combine the sugar , flour , and cinnamon ; stir this mixture into the apples. , stir in the lemon juice and salt ; toss well. , cover the bowl with saran wrap and refrigerate , stirring every hour or so , when you think of it. , remove the filling from the refrigerator about 1 hour before you plan to use it. , turn the filling into the chilled 9-inch pie shell and smooth the top with your hands. , dampen the edge of the pie shell with a wet fingertip or pastry brush. , invert the top pastry over the filling , center , and peel off the paper. , press the top and bottom pastry together along the dampened edge. , trim the pastry and crimp/flute a desired. , poke several steam vent in the top of the pie with a fork or paring knife. , put a couple of the vent near the edge of the crust so you can check the juice there later. , place the pie on the center rack in the oven ; bake at 400 & deg ; for 25 minutes. , lower the temperature to 375 & deg ; and rotate the pie 180 & deg ; . , continue to bake about 25-30 minute or until the top of the pie is golden and the juice visible at the steam vent bubble thickly. , transfer pie to a wire rack. , while the pie is hot , dust with powdered sugar. , let cool at least 1 hour before serving ."
24,31724,Blackbird Pie,"1       ready-made pie crust,2   cups    fresh blueberries,2   cups    fresh peaches, cubed ,1   tablespoon    lemon juice,7/8  cup    sugar,1/4  cup    tapioca,1/2  teaspoon    cinnamon,  cinnamon sugar, to top pie with ","use the pre-made pie crust to line a 9-in pie pan.,place blueberries and peaches in a bowl and toss with lemon juice.  add sugar, tapioca and the 1/2 tsp cinnamon and mix lightly.,place above mixture into pie crust and sprinkle with cinnamon sugar as desired.,bake 35-40 minutes in a 425&deg; oven.",4.0,1,dessert low protein low cholesterol healthy mins,"four and twenty blackbirds of english folklore?  nope, just a good berry pie recipe i found while surfing the net.  easy, too, as it begins with a ready-made pie crust.",220.9,5.4,1.4,food.com,24,"1 ready-made pie crust,2 cup fresh blueberries,2 cup fresh peach , cubed ,1 tablespoon lemon juice,7/8 cup sugar,1/4 cup tapioca,1/2 teaspoon cinnamon , cinnamon sugar , to top pie with four and twenty blackbird of english folklore ? nope , just a good berry pie recipe i found while surfing the net . easy , too , a it begin with a ready-made pie crust . dessert low protein low cholesterol healthy min use the pre-made pie crust to line a 9-in pie pan. , place blueberry and peach in a bowl and toss with lemon juice . add sugar , tapioca and the 1/2 tsp cinnamon and mix lightly. , place above mixture into pie crust and sprinkle with cinnamon sugar a desired. , bake 35-40 minute in a 425 & deg ; oven ."
25,9564,Blueberry Pie,"2       frozen pie crusts (store-bought),1   cup    sugar,4 1/2  cups    blueberries,1       lemon,5   tablespoons    flour,  salt","preheat oven to 350 degrees. unfold first pie crust and press into pie dish. place blueberries in strainer and rinse. drain berries and add to large bowl. add flour and toss to coat. add sugar, a squeeze of lemon and a dash of salt. pour berries into pie shell. cut other pie crust into 1 '' strips. place strips on top of crust in criss-cross pattern to form a lattice. bake for 45 - 60 minutes or until bubbly. serve.",5.0,2,dessert berries fruit low protein healthy mins easy,"very simple recipe from the foodnet work website. i found it a bit sweet, and cut down the sugar to 3/4 cup.",361.7,11.6,3.9,food.com,25,"2 frozen pie crust ( store-bought ) ,1 cup sugar,4 1/2 cup blueberries,1 lemon,5 tablespoon flour , salt very simple recipe from the foodnet work website . i found it a bit sweet , and cut down the sugar to 3/4 cup . dessert berry fruit low protein healthy min easy preheat oven to 350 degree . unfold first pie crust and press into pie dish . place blueberry in strainer and rinse . drain berry and add to large bowl . add flour and toss to coat . add sugar , a squeeze of lemon and a dash of salt . pour berry into pie shell . cut other pie crust into 1 '' strip . place strip on top of crust in criss-cross pattern to form a lattice . bake for 45 - 60 minute or until bubbly . serve ."
26,25010,Flan Clasico,"1   cup    granulated sugar,1 (14   ounce) can   sweetened condensed milk,3   large    eggs,1 (12   ounce) can   evaporated milk,2   tablespoons    instant coffee granules","preheat oven to 325&deg;f.,heat sugar in a heavy saucepan over medium heat, stirring constantly until sugar is caramel-colored.,quickly pour into a 9-inch pie dish.,blend sweetened condensed milk, eggs, and instant coffee granules in a blender until smooth.,pour into pie dish over caramel.,cover pie dish tightly with foil.,place pie dish into a larger container; pour in warm water to 1-inch depth.,bake at 325f for 55-65 minutes, or until a knife inserted near center of dish comes out clean.,remove flan from water; cool.,chill for 4 hours.  note:  cook time is chill time!,run knife around edge of pie dish.  invert serving plate over pie dish; turn over; shake gently to release flan.,serves 8.",5.0,1,healthy sweet weeknight mixer small appliance easy,a coffee flavored flan recipe from the back of nescafe clasico instant coffee granules -- baked in a water bath -- chill 4 hours before serving. ------------note:  prep time includes bake time -- cook time is chill time!,343.8,9.4,9.3,food.com,26,"1 cup granulated sugar,1 ( 14 ounce ) can sweetened condensed milk,3 large eggs,1 ( 12 ounce ) can evaporated milk,2 tablespoon instant coffee granule a coffee flavored flan recipe from the back of nescafe clasico instant coffee granule -- baked in a water bath -- chill 4 hour before serving . -- -- -- -- -- -- note : prep time includes bake time -- cook time is chill time ! healthy sweet weeknight mixer small appliance easy preheat oven to 325 & deg ; f. , heat sugar in a heavy saucepan over medium heat , stirring constantly until sugar is caramel-colored. , quickly pour into a 9-inch pie dish. , blend sweetened condensed milk , egg , and instant coffee granule in a blender until smooth. , pour into pie dish over caramel. , cover pie dish tightly with foil. , place pie dish into a larger container ; pour in warm water to 1-inch depth. , bake at 325f for 55-65 minute , or until a knife inserted near center of dish come out clean. , remove flan from water ; cool. , chill for 4 hour . note : cook time is chill time ! , run knife around edge of pie dish . invert serving plate over pie dish ; turn over ; shake gently to release flan. , serf 8 ."
27,17580,Heart Healthy Crustless Quiche,"1 (16   ounce) container   liquid egg substitute,1/2  cup    broccoli, chopped ,1/2  cup    mushroom, chopped ,1/4  cup    cheddar cheese, grated ,1/4  cup    bacon, cooked and chopped ,1/2  teaspoon    salt,1/4  teaspoon    pepper,1/4  teaspoon    thyme","preheat oven to 350 degrees.,spray a  9&quot; pie pan with cooking spray.,mix ingredients.,pour into prepared pie pan.,bake for 35 minutes.",0.0,0,very low carbs low cholesterol brunch mins beginner cook easy,"this is a basic recipe that i use to put together a quick breakfast.  it makes 6 servings so i freeze the left over slices and then microwave the extra servings throughout the week for a quick and healthy breakfast.  swap out the meat, veggies and cheese for variations.",89,4.3,10.3,food.com,27,"1 ( 16 ounce ) container liquid egg substitute,1/2 cup broccoli , chopped ,1/2 cup mushroom , chopped ,1/4 cup cheddar cheese , grated ,1/4 cup bacon , cooked and chopped ,1/2 teaspoon salt,1/4 teaspoon pepper,1/4 teaspoon thyme this is a basic recipe that i use to put together a quick breakfast . it make 6 serving so i freeze the left over slice and then microwave the extra serving throughout the week for a quick and healthy breakfast . swap out the meat , veggie and cheese for variation . very low carbs low cholesterol brunch min beginner cook easy preheat oven to 350 degrees. , spray a 9 & quot ; pie pan with cooking spray. , mix ingredients. , pour into prepared pie pan. , bake for 35 minute ."
29,39898,Best Rhubarb Tart,"4   cups    rhubarb, chopped ,1 1/3  cups    sugar,6   tablespoons    flour,2   tablespoons    butter,1       ready-made pie crust","preheat oven to 450&deg;f.,put bottom pie crust in pie plate, do not trim. combine sugar and flour. sprinkle 1/4 mixture over bottom crust. heap rhubarb over mixture. sprinkle remaining mixture over rhubarb and dot with small pieces of butter. fold crust inward. (you could also add a top crust and just make it a pie, but i like a little of the rhubarb to be lightly browned.).,place pie on lowest oven rack. bake for 15 min., then reduce temperature to 350&deg;f and continue baking for 40-45 minute you may want to rim the crust with foil when you reduce the temperature (easier to do if you pre-make the foil pieces before putting the pie in the first time).",0.0,0,dessert fruit low protein healthy hours easy,make and share this best rhubarb tart recipe from food.com.,269.7,8.2,1.9,food.com,29,"4 cup rhubarb , chopped ,1 1/3 cup sugar,6 tablespoon flour,2 tablespoon butter,1 ready-made pie crust make and share this best rhubarb tart recipe from food.com . dessert fruit low protein healthy hour easy preheat oven to 450 & deg ; f. , put bottom pie crust in pie plate , do not trim . combine sugar and flour . sprinkle 1/4 mixture over bottom crust . heap rhubarb over mixture . sprinkle remaining mixture over rhubarb and dot with small piece of butter . fold crust inward . ( you could also add a top crust and just make it a pie , but i like a little of the rhubarb to be lightly browned . ) . , place pie on lowest oven rack . bake for 15 min. , then reduce temperature to 350 & deg ; f and continue baking for 40-45 minute you may want to rim the crust with foil when you reduce the temperature ( easier to do if you pre-make the foil piece before putting the pie in the first time ) ."
